,Dataset name,# of features,# of instances,# of minority instances,# of majority instances,Imbalance Ratio
0,ecoli,7,336,52,284,5.46
1,breast_tissue,9,106,36,70,1.94
2,glass,9,214,70,144,2.06
3,vehicle,18,846,199,647,3.25
4,liver_disorders,6,345,145,200,1.38
5,eucalyptus,8,642,98,544,5.55
6,pima,8,768,268,500,1.87
7,haberman,3,306,81,225,2.78
8,iris,4,150,50,100,2.0
9,libra,90,360,72,288,4.0
10,wine,13,178,71,107,1.51
11,segment,16,2310,330,1980,6.0
12,heart,13,270,120,150,1.25
